{
  "analysis_info": {
    "method": "Mann-Whitney U test (Wilcoxon rank-sum test)",
    "alpha": 0.05,
    "alpha_corrected": 0.016666666666666666,
    "n_tests": 3,
    "correction_method": "Bonferroni",
    "sw03_n": 5,
    "sw05_n": 4,
    "bootstrap_iterations": 10000
  },
  "test_results": [
    {
      "metric": "r2",
      "n_group1": 5,
      "n_group2": 4,
      "mean_group1": 0.7781280801458731,
      "std_group1": 0.06550495629990294,
      "mean_group2": 0.7581615171061599,
      "std_group2": 0.027835264726506558,
      "mann_whitney_U": 10.0,
      "p_value": 1.0,
      "cohens_d": 0.3784152794675211,
      "difference_means": 0.019966563039713225,
      "ci_95_lower": -0.02972009299249149,
      "ci_95_upper": 0.0812635376762316,
      "p_value_corrected": 1.0
    },
    {
      "metric": "rmse",
      "n_group1": 5,
      "n_group2": 4,
      "mean_group1": 0.025288772239273276,
      "std_group1": 0.004228601173330292,
      "mean_group2": 0.026661149478050414,
      "std_group2": 0.0015700333019521475,
      "mann_whitney_U": 10.0,
      "p_value": 1.0,
      "cohens_d": -0.40872476701112626,
      "difference_means": -0.001372377238777138,
      "ci_95_lower": -0.005301630413523179,
      "ci_95_upper": 0.00167366829884019,
      "p_value_corrected": 1.0
    },
    {
      "metric": "ic50_gap",
      "n_group1": 5,
      "n_group2": 4,
      "mean_group1": 0.045094556808471783,
      "std_group1": 0.013802629860219495,
      "mean_group2": 0.05012350797653209,
      "std_group2": 0.00978555817754382,
      "mann_whitney_U": 7.0,
      "p_value": 0.5555555555555556,
      "cohens_d": -0.41074481377240135,
      "difference_means": -0.0050289511680603055,
      "ci_95_lower": -0.0185419562458992,
      "ci_95_upper": 0.00883579492568969,
      "p_value_corrected": 1.0
    }
  ],
  "raw_data": {
    "sw03": {
      "r2": [
        0.7429590752450757,
        0.7803622856337845,
        0.7424048027363546,
        0.7340714428433927,
        0.890842794270758
      ],
      "rmse": [
        0.027522085796814255,
        0.025440969932320496,
        0.027551743565781415,
        0.027993854145197415,
        0.017935207756252822
      ],
      "mae": [
        0.025596081998424614,
        0.023415967609958732,
        0.0255338696504403,
        0.025871261742191398,
        0.01072657087095269
      ],
      "ic50_gap": [
        0.04879509925842296,
        0.041673536300659286,
        0.06152379035949718,
        0.04952966690063487,
        0.023950691223144638
      ],
      "hill_gap": [
        0.0329161453247071,
        0.029982404708862376,
        0.040812807083129954,
        0.032328920364379954,
        0.01378901481628425
      ]
    },
    "sw05": {
      "r2": [
        0.7541052784308946,
        0.7488229772145958,
        0.7322166451224699,
        0.7975011676566793
      ],
      "rmse": [
        0.02691874509455212,
        0.027206342500288253,
        0.028091310232290757,
        0.024428200085070524
      ],
      "mae": [
        0.024819597389774406,
        0.025292545344905937,
        0.025907844092922294,
        0.022485688116626823
      ],
      "ic50_gap": [
        0.035974378585815536,
        0.05131589889526378,
        0.057527418136596786,
        0.055676336288452255
      ],
      "hill_gap": [
        0.0257592964172364,
        0.03374572277069099,
        0.03936715602874763,
        0.03606255531311042
      ]
    }
  }
}