{
  "constant": {
    "success_rate": 50.0,
    "n_passed": 5,
    "n_total": 10,
    "mean_r2": 0.7581776095442683
  },
  "ramped": {
    "success_rate": 90.0,
    "n_passed": 9,
    "n_total": 10,
    "mean_r2": 0.7848335296858392
  },
  "improvement_percent": 80.0,
  "detailed_results": {
    "constant": [
      {
        "r2": 0.7031664378132092,
        "rmse": 0.029575814170483106,
        "passed": true,
        "metrics": {
          "r2": 0.7031664378132092,
          "rmse": 0.029575814170483106,
          "mae": 0.026541738906789125,
          "nrmse": 0.19327450655594766,
          "nmae": 0.17344717750715677,
          "mape": 2.948183427786102,
          "smape": 2.904441965698076,
          "explained_variance": 0.7905991742194709,
          "correlation": 0.9604600216193093,
          "correlation_p_value": 0.03953997838069068,
          "aic": -26.16638672388948,
          "bic": -26.78009236276959,
          "n_samples": 4,
          "ic50": 2.8873531818389893,
          "hill": 1.9264525175094604,
          "ic50_gap": 0.007353181838989364,
          "hill_gap": 0.00645251750946052
        }
      },
      {
        "r2": 0.6872576474346488,
        "rmse": 0.03035802793479501,
        "passed": false,
        "metrics": {
          "r2": 0.6872576474346488,
          "rmse": 0.03035802793479501,
          "mae": 0.027946054723339164,
          "nrmse": 0.19838618255063709,
          "nmae": 0.18262421807577447,
          "mape": 3.0804664726568474,
          "smape": 3.042988594286637,
          "explained_variance": 0.7249438755944646,
          "correlation": 0.8779311130513008,
          "correlation_p_value": 0.12206888694869922,
          "aic": -25.957554276790898,
          "bic": -26.571259915671007,
          "n_samples": 4,
          "ic50": 2.8861629962921143,
          "hill": 1.9270684719085693,
          "ic50_gap": 0.006162996292114364,
          "hill_gap": 0.007068471908569407
        }
      },
      {
        "r2": 0.0657407598258738,
        "rmse": 0.05247034355736259,
        "passed": false,
        "metrics": {
          "r2": 0.0657407598258738,
          "rmse": 0.05247034355736259,
          "mae": 0.039931536092028486,
          "nrmse": 0.34288759394462515,
          "nmae": 0.2609479451595349,
          "mape": 4.27664115413976,
          "smape": 4.332787234807175,
          "explained_variance": 0.12137772395585456,
          "correlation": 0.8972757804030137,
          "correlation_p_value": 0.10272421959698619,
          "aic": -21.580057228909208,
          "bic": -22.193762867789317,
          "n_samples": 4,
          "ic50": 2.887521266937256,
          "hill": 1.928479790687561,
          "ic50_gap": 0.007521266937255966,
          "hill_gap": 0.008479790687561106
        }
      },
      {
        "r2": 0.5928094956709197,
        "rmse": 0.03464009127818163,
        "passed": false,
        "metrics": {
          "r2": 0.5928094956709197,
          "rmse": 0.03464009127818163,
          "mae": 0.02976423480756768,
          "nrmse": 0.22636896858532637,
          "nmae": 0.19450581350991894,
          "mape": 3.1771358645463597,
          "smape": 3.2149855389812125,
          "explained_variance": 0.6339563857149226,
          "correlation": 0.8924048268789423,
          "correlation_p_value": 0.10759517312105782,
          "aic": -24.901948481919533,
          "bic": -25.515654120799642,
          "n_samples": 4,
          "ic50": 2.8857157230377197,
          "hill": 1.9247994422912598,
          "ic50_gap": 0.005715723037719833,
          "hill_gap": 0.004799442291259837
        }
      },
      {
        "r2": 0.7660489243189664,
        "rmse": 0.02625685646452025,
        "passed": true,
        "metrics": {
          "r2": 0.7660489243189664,
          "rmse": 0.02625685646452025,
          "mae": 0.024320199873523796,
          "nrmse": 0.17158550387279506,
          "nmae": 0.1589296782432601,
          "mape": 2.6516510113443776,
          "smape": 2.639421541930187,
          "explained_variance": 0.7720435580141113,
          "correlation": 0.9322323226912139,
          "correlation_p_value": 0.06776767730878608,
          "aic": -27.118625003220334,
          "bic": -27.732330642100443,
          "n_samples": 4,
          "ic50": 2.8922643661499023,
          "hill": 1.9333416223526,
          "ic50_gap": 0.01226436614990245,
          "hill_gap": 0.013341622352600169
        }
      },
      {
        "r2": 0.7118827881943932,
        "rmse": 0.029138340133646357,
        "passed": false,
        "metrics": {
          "r2": 0.7118827881943932,
          "rmse": 0.029138340133646357,
          "mae": 0.026351675179081047,
          "nrmse": 0.19041566459429354,
          "nmae": 0.17220513314701794,
          "mape": 2.8838260988925204,
          "smape": 2.860000463582206,
          "explained_variance": 0.7325444503666654,
          "correlation": 0.9065121256506611,
          "correlation_p_value": 0.0934878743493388,
          "aic": -26.28560353296288,
          "bic": -26.89930917184299,
          "n_samples": 4,
          "ic50": 2.900501251220703,
          "hill": 1.9378161430358887,
          "ic50_gap": 0.02050125122070323,
          "hill_gap": 0.017816143035888743
        }
      },
      {
        "r2": 0.7399672703818843,
        "rmse": 0.02768179284582323,
        "passed": true,
        "metrics": {
          "r2": 0.7399672703818843,
          "rmse": 0.02768179284582323,
          "mae": 0.02572227993257531,
          "nrmse": 0.18089729743433314,
          "nmae": 0.16809210839659672,
          "mape": 2.810000814868991,
          "smape": 2.791890419580189,
          "explained_variance": 0.7514574341318503,
          "correlation": 0.9122637804096779,
          "correlation_p_value": 0.08773621959032196,
          "aic": -26.695843039108734,
          "bic": -27.309548677988843,
          "n_samples": 4,
          "ic50": 2.884460210800171,
          "hill": 1.9241737127304077,
          "ic50_gap": 0.004460210800171005,
          "hill_gap": 0.004173712730407786
        }
      },
      {
        "r2": 0.7748346357114845,
        "rmse": 0.025759118689842837,
        "passed": true,
        "metrics": {
          "r2": 0.7748346357114845,
          "rmse": 0.025759118689842837,
          "mae": 0.02471953609235772,
          "nrmse": 0.16833284539176357,
          "nmae": 0.16153929399889572,
          "mape": 2.69793792543186,
          "smape": 2.6861588232335847,
          "explained_variance": 0.7788559451256127,
          "correlation": 0.9215865818681915,
          "correlation_p_value": 0.07841341813180858,
          "aic": -27.27173272545649,
          "bic": -27.8854383643366,
          "n_samples": 4,
          "ic50": 2.887748956680298,
          "hill": 1.9264168739318848,
          "ic50_gap": 0.007748956680297958,
          "hill_gap": 0.006416873931884837
        }
      },
      {
        "r2": 0.8068707794957966,
        "rmse": 0.023856361147499155,
        "passed": true,
        "metrics": {
          "r2": 0.8068707794957966,
          "rmse": 0.023856361147499155,
          "mae": 0.020587593104915702,
          "nrmse": 0.15589854610342466,
          "nmae": 0.13453752703444907,
          "mape": 2.2867589178694745,
          "smape": 2.260214218029637,
          "explained_variance": 0.8381029323554385,
          "correlation": 0.9645584304268667,
          "correlation_p_value": 0.03544156957313316,
          "aic": -27.885635059440094,
          "bic": -28.499340698320204,
          "n_samples": 4,
          "ic50": 2.907853126525879,
          "hill": 1.9399049282073975,
          "ic50_gap": 0.027853126525879013,