{
  "n_folds": 4,
  "avg_test_error": 0.23827895522117615,
  "folds": [
    {
      "fold": 1,
      "held_out_dose": 0.0,
      "train_r2": 0.5545376272458833,
      "train_rmse": 0.021273871769725172,
      "test_error": 0.07562613487243652,
      "test_prediction": 0.9243738651275635,
      "test_observed": 1.0,
      "passed_plausibility": true,
      "n_train_samples": 3,
      "n_test_samples": 1
    },
    {
      "fold": 2,
      "held_out_dose": 0.3,
      "train_r2": 0.886470822605566,
      "train_rmse": 0.021096806859959127,
      "test_error": 0.05984240770339966,
      "test_prediction": 0.974433183670044,
      "test_observed": 0.9145907759666443,
      "passed_plausibility": true,
      "n_train_samples": 3,
      "n_test_samples": 1
    },
    {
      "fold": 3,
      "held_out_dose": 3.0,
      "train_r2": 0.2913832442583355,
      "train_rmse": 0.03389256000173933,
      "test_error": 0.08942389488220215,
      "test_prediction": 0.936398983001709,
      "test_observed": 0.8469750881195068,
      "passed_plausibility": false,
      "n_train_samples": 3,
      "n_test_samples": 1
    },
    {
      "fold": 4,
      "held_out_dose": 30.0,
      "train_r2": 0.9999664589326162,
      "train_rmse": 0.0003626197223052754,
      "test_error": 0.7282233834266663,
      "test_prediction": 0.18636737763881683,
      "test_observed": 0.9145907759666443,
      "passed_plausibility": true,
      "n_train_samples": 3,
      "n_test_samples": 1
    }
  ]
}