{
  "method": "Improved Deep Ensemble",
  "improvements": [
    "Enhanced parameter constraints (weight=0.1)",
    "Synthetic data at intermediate time points",
    "Two-stage training approach"
  ],
  "timestamp": "2025-10-22T18:51:19.932383",
  "device": "cuda",
  "n_members": 5,
  "total_training_time": 320.33689880371094,
  "ensemble_results": {
    "r_squared": 0.17863459756456723,
    "rmse": 0.049198108919883556,
    "mean_predictions": [
      0.953164029121399,
      0.9246915936470032,
      0.8457415938377381,
      0.8286567091941833
    ],
    "std_predictions": [
      0.010213691723164395,
      0.0036466386354267744,
      0.003741466746416411,
      0.003510947609607198
    ],
    "residuals": [
      0.04683597087860103,
      -0.010100846316042356,
      0.0012334951302334085,
      0.08593403813677747
    ],
    "ic50_mean": 1.9007299661636352,
    "ic50_std": 0.1299380778733787,
    "hill_mean": 1.2907933712005615,
    "hill_std": 0.08270215192064827,
    "all_param_means": {
      "log_IC50": 1.9007299661636352,
      "log_hill": 1.2907933712005615,
      "log_k_bind": 1.0,
      "log_k_deg_GR": 0.06483562588691712,
      "log_k_deg_renin": 0.08189052492380142,
      "log_k_nuclear": 0.769065546989441,
      "log_k_secretion": 0.24116947054862975,
      "log_k_synth_GR": 0.1292699709534645,
      "log_k_synth_renin": 0.15484497249126433,
      "log_k_translation": 0.47623794674873354,
      "log_k_unbind": 0.16135239899158477
    },
    "all_param_stds": {
      "log_IC50": 0.1299380778733787,
      "log_hill": 0.08270215192064827,
      "log_k_bind": 0.0,
      "log_k_deg_GR": 0.004794538458422416,
      "log_k_deg_renin": 0.006118440374097543,
      "log_k_nuclear": 0.04335967935400865,
      "log_k_secretion": 0.017257945789256903,
      "log_k_synth_GR": 0.009444280669872606,
      "log_k_synth_renin": 0.01169696205798884,
      "log_k_translation": 0.032163098703841576,
      "log_k_unbind": 0.011720921896264067
    }
  },
  "individual_results": [
    {
      "r_squared": 0.30387897813136355,
      "rmse": 0.045292112918936284,
      "residuals": [
        0.03648561239242554,
        -0.01245030644101186,
        0.0037637957474514483,
        0.08188483235674815
      ],
      "predictions": [
        0.9635143876075745,
        0.9270410537719727,
        0.84321129322052,
        0.8327059149742126
      ],
      "ic50": 2.0108442306518555,
      "hill": 1.36396324634552,
      "all_params": {
        "log_IC50": 2.0108442306518555,
        "log_hill": 1.36396324634552,
        "log_k_bind": 1.0,
        "log_k_deg_GR": 0.06071624904870987,
        "log_k_deg_renin": 0.0765371173620224,
        "log_k_nuclear": 0.7319814562797546,
        "log_k_secretion": 0.22634412348270416,
        "log_k_synth_GR": 0.1211627870798111,
        "log_k_synth_renin": 0.14645904302597046,
        "log_k_translation": 0.44861316680908203,
        "log_k_unbind": 0.15128415822982788
      },
      "training_time": 64.69016790390015
    },
    {
      "r_squared": 0.30094164021169145,
      "rmse": 0.045387569161831724,
      "residuals": [
        0.036879122257232666,
        -0.012618272329988911,
        0.003633261575393343,
        0.08190015075045542
      ],
      "predictions": [
        0.9631208777427673,
        0.9272090196609497,
        0.8433418273925781,
        0.8326905965805054
      ],
      "ic50": 2.0810232162475586,
      "hill": 1.406536340713501,
      "all_params": {
        "log_IC50": 2.0810232162475586,
        "log_hill": 1.406536340713501,
        "log_k_bind": 1.0,
        "log_k_deg_GR": 0.05847008526325226,
        "log_k_deg_renin": 0.07361698150634766,
        "log_k_nuclear": 0.710191011428833,
        "log_k_secretion": 0.21820709109306335,
        "log_k_synth_GR": 0.11671682447195053,
        "log_k_synth_renin": 0.14174479246139526,
        "log_k_translation": 0.4332727789878845,
        "log_k_unbind": 0.14577053487300873
      },
      "training_time": 64.94789838790894
    },
    {
      "r_squared": 0.036704965067907436,
      "rmse": 0.05327946653681802,
      "residuals": [
        0.06048339605331421,
        -0.005295901323976948,
        -0.006166040048904753,
        0.08735272404986338
      ],
      "predictions": [
        0.9395166039466858,
        0.9198866486549377,
        0.8531411290168762,
        0.8272380232810974
      ],
      "ic50": 1.7629895210266113,
      "hill": 1.211594581604004,
      "all_params": {
        "log_IC50": 1.7629895210266113,
        "log_hill": 1.211594581604004,
        "log_k_bind": 1.0,
        "log_k_deg_GR": 0.07020778954029083,
        "log_k_deg_renin": 0.08835097402334213,
        "log_k_nuclear": 0.8169313073158264,
        "log_k_secretion": 0.260479599237442,
        "log_k_synth_GR": 0.13984660804271698,
        "log_k_synth_renin": 0.1715523600578308,
        "log_k_translation": 0.512129545211792,
        "log_k_unbind": 0.17447473108768463
      },
      "training_time": 62.67912817001343
    },
    {
      "r_squared": 0.17411990990251625,
      "rmse": 0.04933313391273849,
      "residuals": [
        0.042854905128479004,
        -0.014041214014711811,
        0.0023471721550747393,
        0.08772584912615733
      ],
      "predictions": [
        0.957145094871521,
        0.9286319613456726,
        0.8446279168128967,
        0.8268648982048035
      ],
      "ic50": 1.8920819759368896,
      "hill": 1.2756662368774414,
      "all_params": {
        "log_IC50": 1.8920819759368896,
        "log_hill": 1.2756662368774414,
        "log_k_bind": 1.0,
        "log_k_deg_GR": 0.06460647284984589,
        "log_k_deg_renin": 0.08210856467485428,
        "log_k_nuclear": 0.769540011882782,
        "log_k_secretion": 0.2404450923204422,
        "log_k_synth_GR": 0.1288364827632904,
        "log_k_synth_renin": 0.14852797985076904,
        "log_k_translation": 0.4752432405948639,
        "log_k_unbind": 0.16083145141601562
      },
      "training_time": 63.816420793533325
    },
    {
      "r_squared": 0.016469920986995956,
      "rmse": 0.05383615440750075,
      "residuals": [
        0.057476818561553955,
        -0.006098537470522358,
        0.002589286222152376,
        0.09080663440066294
      ],
      "predictions": [
        0.942523181438446,
        0.9206892848014832,
        0.8443858027458191,
        0.8237841129302979
      ],
      "ic50": 1.7567108869552612,
      "hill": 1.1962064504623413,
      "all_params": {
        "log_IC50": 1.7567108869552612,
        "log_hill": 1.1962064504623413,
        "log_k_bind": 1.0,
        "log_k_deg_GR": 0.07017753273248672,
        "log_k_deg_renin": 0.08883898705244064,
        "log_k_nuclear": 0.8166839480400085,
        "log_k_secretion": 0.26037144660949707,
        "log_k_synth_GR": 0.13978715240955353,
        "log_k_synth_renin": 0.16594068706035614,
        "log_k_translation": 0.5119310021400452,
        "log_k_unbind": 0.17440111935138702
      },
      "training_time": 64.2032835483551
    }
  ]
}