{
  "timestamp": "2025-10-22T16:41:36.675301",
  "total_time": 8.0088050365448,
  "device": "cuda",
  "validation_results": {
    "performance": {
      "pinn_r2": 0.8605174514745523,
      "ode_r2": -0.220250530076048,
      "pinn_rmse": 0.020274032755581813,
      "ode_rmse": 0.05996594876614775
    },
    "parameters": {
      "ic50_mean": 1.7852062225341796,
      "ic50_std": 0.08449110772322733,
      "ic50_ci": [
        1.619603651396654,
        1.9508087936717051
      ],
      "hill_mean": 1.2205513000488282,
      "hill_std": 0.049396994411528124,
      "hill_ci": [
        1.123733191002233,
        1.3173694090954233
      ]
    },
    "sensitivity": {
      "ic50_importance": 0.028321110752824584,
      "hill_importance": 0.003284346920418344,
      "combined_importance": 0.03160545767324293,
      "dominant": false,
      "sobol_results": {
        "S1": [
          0.0020554685231448434,
          -0.007160921559097288,
          0.1641924677467751,
          0.08944693017062043,
          -0.0031927059104742855,
          -8.584207451565924e-05,
          -0.0002557500984551126,
          0.0007296315763227004,
          -0.0013300313692915827,
          0.16524222180488893,
          0.11728465001818174
        ],
        "ST": [
          0.028321110752824584,
          0.003284346920418344,
          0.4935454170815377,
          0.3277004303617216,
          0.01691157223362198,
          0.006827965201805393,
          0.002250354002239895,
          0.0003773859663364888,
          0.0035063194683697704,
          0.5765179747059035,
          0.3701709035769867
        ],
        "S2": [
          [
            NaN,
            -0.0065229844521402635,
            -0.006857066459671518,
            -0.008239098641247361,
            -0.008164066024951119,
            -0.007967119457163233,
            -0.007531861177849755,
            -0.008336265301622882,
            -0.0068340215275006135,
            0.005750843379463438,
            -0.0050184819808971465
          ],
          [
            NaN,
            NaN,
            0.011428322910099237,
            0.009543983960591126,
            0.009145555537711745,
            0.008884514733055274,
            0.008894308050312263,
            0.008896916384041885,
            0.009041828396810014,
            0.012990300242364888,
            0.00740344709425593
          ],
          [
            NaN,
            NaN,
            NaN,
            0.003949259619503445,
            -0.04545304514422879,
            -0.045918768852003314,
            -0.04478609224487876,
            -0.04460168406515829,
            -0.04262767164526116,
            0.023904689352142378,
            0.015508228082977235
          ],
          [
            NaN,
            NaN,
            NaN,
            NaN,
            -0.02045950257737537,
            -0.02135092860873347,
            -0.021376630007040646,
            -0.021525697151552774,
            -0.02214166293249339,
            -0.007355859998712383,
            -0.009050545142878591
          ],
          [
            NaN,
            NaN,
            NaN,
            NaN,
            NaN,
            0.003906546872158214,
            0.003880350471349533,
            0.003931795003692956,
            0.0038091396575864562,
            0.0027471003527926585,
            0.006864164872656592
          ],
          [
            NaN,
            NaN,
            NaN,
            NaN,
            NaN,
            NaN,
            -0.00037826937092795744,
            -0.00044013034847124167,
            -3.784481082595454e-05,
            0.001160124598200002,
            -0.00506691931700004
          ],
          [
            NaN,
            NaN,
            NaN,
            NaN,
            NaN,
            NaN,
            NaN,
            -0.00030039066680246566,
            -0.0003645291612757555,
            -0.0012971817757968518,
            -0.00025768918234729543
          ],
          [
            NaN,
            NaN,
            NaN,
            NaN,
            NaN,
            NaN,
            NaN,
            NaN,
            -0.001065397119683923,
            -0.0020861480394155363,
            -0.0007685978623100942
          ],
          [
            NaN,
            NaN,
            NaN,
            NaN,
            NaN,
            NaN,
            NaN,
            NaN,
            NaN,
            -0.003556089200184298,
            0.005034081335838506
          ],
          [
            NaN,
            NaN,
            NaN,
            NaN,
            NaN,
            NaN,
            NaN,
            NaN,
            NaN,
            NaN,
            0.040599449424020176
          ],
          [
            NaN,
            NaN,
            NaN,
            NaN,
            NaN,
            NaN,
            NaN,
            NaN,
            NaN,
            NaN,
            NaN
          ]
        ],
        "param_names": [
          "log_IC50",
          "log_hill",
          "log_k_synth_renin",
          "log_k_deg_renin",
          "log_k_synth_GR",
          "log_k_deg_GR",
          "log_k_bind",
          "log_k_unbind",
          "log_k_nuclear",
          "log_k_translation",
          "log_k_secretion"
        ],
        "sorted_indices": [
          9,
          2,
          10,
          3,
          0,
          4,
          5,
          8,
          1,
          6,
          7
        ]
      }
    },
    "time_window": {
      "time_points": [
        1,
        3,
        6,
        9,
        12,
        18,
        24,
        36,
        48
      ],
      "sensitivities": [
        0.021855433150288345,
        0.09229405657631011,
        0.10254317110440742,
        0.10380696042058407,
        0.10433809801153553,
        0.10486489993658309,
        0.10512911638659635,
        0.10539395494835029,
        0.10552660829272548
      ],
      "peak_time": 48,
      "window_6_12_avg": 0.10356274317884234,
      "overall_avg": 0.09397247764748674,
      "optimal_window_confirmed": true
    },
    "saturation": {
      "residual_analysis": {
        "residuals": [
          0.02498549222946167,
          -0.025026052023592427,
          0.0012160548111721514,
          0.01980123040514903
        ],
        "standardized_residuals": [
          1.2758083135666722,
          -1.2778793763287482,
          0.06209414741954867,
          1.011089721096225
        ],
        "normality": {
          "shapiro_stat": 0.9148069932056077,
          "shapiro_p_value": 0.5082374594018996,
          "jb_stat": 0.46954940736313966,
          "jb_p_value": 0.7907489823961901,
          "is_normal": true
        },
        "autocorrelation": {
          "durbin_watson": 2.1501814958835954,
          "has_autocorrelation": false
        },
        "heteroscedasticity": {
          "breusch_pagan_stat": NaN,
          "breusch_pagan_p_value": NaN,
          "is_homoscedastic": null
        },
        "runs_test": {
          "runs": 2,
          "expected_runs": 3.0,
          "z_statistic": -1.224744871391589,
          "p_value": 0.22067136191984682,
          "is_random": true
        },
        "statistics": {
          "mean": 0.005244181355547606,
          "std": 0.01958404876639484,
          "min": -0.025026052023592427,
          "max": 0.02498549222946167,
          "q1": -0.005344471897518993,
          "median": 0.01050864260816059,
          "q3": 0.02109729586122719,
          "skewness": -0.5665983501086838,
          "kurtosis": -1.2382090626365596
        }
      },
      "saturation_detection": {
        "saturation_detected": true,
        "high_dose_variance": 0.0,