{
  "timestamp": "2025-10-22T16:26:45.094093",
  "method": "differential_evolution",
  "training_time": 14.305923700332642,
  "parameters": {
    "IC50": 1.0,
    "hill": 1.5,
    "k_synth_renin": 0.05008007673991347,
    "k_deg_renin": 0.09007078770383724,
    "k_translation": 0.11275690742840486,
    "k_secretion": 0.05152196410449765
  },
  "metrics": {
    "r_squared": -0.220250530076048,
    "rmse": 0.05996594876614775,
    "aic": -0.5118271873999269,
    "bic": -7.26258921508113
  },
  "predictions": [
    0.8935627090101419,
    0.8935627090101419,
    0.8935627090101419,
    0.8935627090101419
  ],
  "residuals": [
    0.1064372909898581,
    0.021028038320818898,
    -0.04658762004217043,
    0.021028038320818898
  ]
}