{
  "n_models": 5.0,
  "parameters": {
    "log_IC50": {
      "mean": 2.925094556808472,
      "std": 0.012345447454287685,
      "min": 2.9039506912231445,
      "max": 2.941523790359497,
      "cv_percent": 0.42205293588039156,
      "ci_95": [
        2.905722975730896,
        2.940324378013611
      ],
      "values": [
        2.928795099258423,
        2.921673536300659,
        2.941523790359497,
        2.9295296669006348,
        2.9039506912231445
      ]
    },
    "log_hill": {
      "mean": 1.9499658584594726,
      "std": 0.008872824720824748,
      "min": 1.9337890148162842,
      "max": 1.9608128070831299,
      "cv_percent": 0.45502461914048725,
      "ci_95": [
        1.935408353805542,
        1.9600231409072877
      ],
      "values": [
        1.952916145324707,
        1.9499824047088623,
        1.9608128070831299,
        1.9523289203643799,
        1.9337890148162842
      ]
    },
    "log_k_bind": {
      "mean": 1.0,
      "std": 0.0,
      "min": 1.0,
      "max": 1.0,
      "cv_percent": 0.0,
      "ci_95": [
        1.0,
        1.0
      ],
      "values": [
        1.0,
        1.0,
        1.0,
        1.0,
        1.0
      ]
    },
    "log_k_deg_GR": {
      "mean": 0.03999999910593033,
      "std": 0.0,
      "min": 0.03999999910593033,
      "max": 0.03999999910593033,
      "cv_percent": 0.0,
      "ci_95": [
        0.03999999910593033,
        0.03999999910593033
      ],
      "values": [
        0.03999999910593033,
        0.03999999910593033,
        0.03999999910593033,
        0.03999999910593033,
        0.03999999910593033
      ]
    },
    "log_k_deg_renin": {
      "mean": 0.0512527085840702,
      "std": 0.0002594807607274221,
      "min": 0.051014453172683716,
      "max": 0.05175704509019852,
      "cv_percent": 0.506277166409252,
      "ci_95": [
        0.051026999950408936,
        0.05170124880969525
      ],
      "values": [
        0.05113992094993591,
        0.05119908228516579,
        0.051014453172683716,
        0.051153041422367096,
        0.05175704509019852
      ]
    },
    "log_k_nuclear": {
      "mean": 0.5,
      "std": 0.0,
      "min": 0.5,
      "max": 0.5,
      "cv_percent": 0.0,
      "ci_95": [
        0.5,
        0.5
      ],
      "values": [
        0.5,
        0.5,
        0.5,
        0.5,
        0.5
      ]
    },
    "log_k_secretion": {
      "mean": 0.15000000596046448,
      "std": 0.0,
      "min": 0.15000000596046448,
      "max": 0.15000000596046448,
      "cv_percent": 0.0,
      "ci_95": [
        0.15000000596046448,
        0.15000000596046448
      ],
      "values": [
        0.15000000596046448,
        0.15000000596046448,
        0.15000000596046448,
        0.15000000596046448,
        0.15000000596046448
      ]
    },
    "log_k_synth_GR": {
      "mean": 0.07999999821186066,
      "std": 0.0,
      "min": 0.07999999821186066,
      "max": 0.07999999821186066,
      "cv_percent": 0.0,
      "ci_95": [
        0.07999999821186066,
        0.07999999821186066
      ],
      "values": [
        0.07999999821186066,
        0.07999999821186066,
        0.07999999821186066,
        0.07999999821186066,
        0.07999999821186066
      ]
    },
    "log_k_synth_renin": {
      "mean": 0.09774028807878495,
      "std": 0.0004301755791434893,
      "min": 0.09691957384347916,
      "max": 0.09810833632946014,
      "cv_percent": 0.44012104690825155,
      "ci_95": [
        0.09699886813759803,
        0.09809601455926895
      ],
      "values": [
        0.09797589480876923,
        0.09798511862754822,
        0.09810833632946014,
        0.09771251678466797,
        0.09691957384347916
      ]
    },
    "log_k_translation": {
      "mean": 0.30000001192092896,
      "std": 0.0,
      "min": 0.30000001192092896,
      "max": 0.30000001192092896,
      "cv_percent": 0.0,
      "ci_95": [
        0.30000001192092896,
        0.30000001192092896
      ],
      "values": [
        0.30000001192092896,
        0.30000001192092896,
        0.30000001192092896,
        0.30000001192092896,
        0.30000001192092896
      ]
    },
    "log_k_unbind": {
      "mean": 0.10000000149011612,
      "std": 0.0,
      "min": 0.10000000149011612,
      "max": 0.10000000149011612,
      "cv_percent": 0.0,
      "ci_95": [
        0.10000000149011612,
        0.10000000149011612
      ],
      "values": [
        0.10000000149011612,
        0.10000000149011612,
        0.10000000149011612,
        0.10000000149011612,
        0.10000000149011612
      ]
    }
  },
  "prediction_spread_observed_doses": {
    "doses": [
      0.0,
      0.30000001192092896,
      3.0,
      30.0
    ],
    "mean": [
      0.9756777882575989,
      0.9381188154220581,
      0.8804734945297241,
      0.9070733785629272
    ],
    "std": [
      0.012369539588689804,
      0.011731325648725033,
      0.000840434804558754,
      0.00040947567322291434
    ]
  }
}